community,n_users,n_posts,mean_sentiment,std_sentiment,pct_positive,pct_negative,pct_neutral,sentiment_label
1,5,5,0.0,0.0,0.0,0.0,1.0,Neutral
2,5,5,-0.011,0.3179,0.2,0.2,0.6,Neutral
3,5,5,0.2793,0.386,0.4,0.0,0.6,Positive
4,5,5,0.4325,0.3144,0.8,0.0,0.2,Positive
5,5,5,0.2343,0.2251,0.6,0.0,0.4,Positive
6,5,5,0.3038,0.5987,0.6,0.2,0.2,Positive
7,5,5,-0.0068,0.2541,0.2,0.4,0.4,Neutral
9,5,5,-0.1106,0.3854,0.2,0.6,0.2,Negative
12,5,5,-0.0813,0.6551,0.4,0.4,0.2,Negative
14,5,5,0.1941,0.2659,0.4,0.0,0.6,Positive
15,5,5,0.0545,0.4058,0.2,0.2,0.6,Positive
16,5,5,0.3631,0.4936,0.8,0.2,-0.0,Positive
18,5,5,0.2391,0.3676,0.4,0.0,0.6,Positive
19,5,5,0.2835,0.4169,0.4,0.0,0.6,Positive
20,9,10,0.1762,0.2274,0.4,0.0,0.6,Positive
21,9,10,0.0686,0.4292,0.4,0.2,0.4,Positive
23,5,5,0.0622,0.492,0.6,0.4,0.0,Positive
24,5,5,0.3598,0.2509,1.0,0.0,0.0,Positive
25,5,5,0.0,0.0,0.0,0.0,1.0,Neutral
26,5,5,0.0339,0.0467,0.4,0.0,0.6,Neutral
29,9,10,0.0504,0.1857,0.4,0.2,0.4,Positive
30,5,5,0.0829,0.4967,0.2,0.2,0.6,Positive
31,5,5,-0.2524,0.4945,0.2,0.6,0.2,Negative
32,5,5,0.1798,0.2463,0.4,0.0,0.6,Positive
33,5,5,-0.026,0.5035,0.4,0.2,0.4,Neutral
34,5,5,0.0563,0.4892,0.2,0.2,0.6,Positive
35,8,10,-0.0022,0.4358,0.4,0.2,0.4,Neutral
36,5,5,-0.0184,0.1941,0.2,0.2,0.6,Neutral
37,5,5,0.2595,0.5459,0.6,0.2,0.2,Positive
39,5,5,0.2355,0.4861,0.4,0.2,0.4,Positive
40,5,5,0.1421,0.462,0.4,0.2,0.4,Positive
42,5,5,0.224,0.6403,0.6,0.4,0.0,Positive
44,5,5,0.0881,0.197,0.2,0.0,0.8,Positive
45,5,5,0.2326,0.4707,0.4,0.2,0.4,Positive
46,5,5,0.1613,0.2336,0.4,0.0,0.6,Positive
47,5,5,-0.011,0.3179,0.2,0.2,0.6,Neutral
49,5,5,0.0348,0.342,0.2,0.2,0.6,Neutral
52,10,10,0.2499,0.4248,0.5,0.2,0.3,Positive
54,5,5,0.1711,0.3826,0.2,0.0,0.8,Positive
55,5,5,0.4606,0.2874,0.8,0.0,0.2,Positive
56,5,5,0.3308,0.453,0.4,0.0,0.6,Positive
57,5,5,0.1599,0.4618,0.4,0.2,0.4,Positive
59,5,5,0.1305,0.2917,0.2,0.0,0.8,Positive
63,9,10,0.03,0.3413,0.2,0.1,0.7,Neutral
65,8,8,0.3209,0.3686,0.5,0.0,0.5,Positive
67,5,5,0.356,0.3948,0.6,0.0,0.4,Positive
68,5,5,0.3149,0.4313,0.4,0.0,0.6,Positive
69,5,5,-0.0447,0.1,0.0,0.2,0.8,Neutral
71,5,5,-0.0752,0.1193,0.0,0.4,0.6,Negative
72,5,5,0.1732,0.5049,0.4,0.2,0.4,Positive
74,5,5,0.053,0.4593,0.2,0.4,0.4,Positive
75,5,5,0.6962,0.3963,0.8,0.0,0.2,Positive
76,5,5,0.3564,0.488,0.4,0.0,0.6,Positive
78,5,5,0.0115,0.5158,0.2,0.2,0.6,Neutral
80,5,5,0.348,0.3309,0.6,0.0,0.4,Positive
81,5,5,0.0988,0.2209,0.2,0.0,0.8,Positive
84,5,5,0.2284,0.5033,0.6,0.2,0.2,Positive
86,10,12,0.0358,0.5382,0.333,0.5,0.167,Neutral
87,8,9,0.2589,0.4336,0.556,0.111,0.333,Positive
88,5,5,0.1621,0.5638,0.4,0.2,0.4,Positive
91,5,5,0.1775,0.4292,0.4,0.2,0.4,Positive
93,5,5,0.0163,0.2702,0.2,0.2,0.6,Neutral
98,5,5,0.3672,0.3875,0.6,0.0,0.4,Positive
101,5,5,0.3595,0.4925,0.4,0.0,0.6,Positive
102,5,5,0.4384,0.4446,0.6,0.0,0.4,Positive
118,5,5,0.2693,0.4245,0.6,0.2,0.2,Positive
122,5,5,0.2906,0.452,0.4,0.2,0.4,Positive
125,5,5,0.1706,0.327,0.4,0.0,0.6,Positive
127,5,5,0.4261,0.2689,0.8,0.0,0.2,Positive
128,5,5,0.1127,0.1642,0.4,0.0,0.6,Positive
134,5,5,0.1658,0.3802,0.4,0.2,0.4,Positive
135,5,5,0.3406,0.1921,0.8,0.0,0.2,Positive
139,5,5,-0.286,0.3983,0.0,0.4,0.6,Negative
141,5,5,0.0,0.0,0.0,0.0,1.0,Neutral
147,5,8,0.0229,0.4726,0.375,0.375,0.25,Neutral
149,5,5,0.0,0.0,0.0,0.0,1.0,Neutral
152,5,5,0.1898,0.493,0.6,0.4,0.0,Positive
155,5,5,-0.1362,0.3045,0.0,0.2,0.8,Negative
156,5,5,0.4967,0.2416,1.0,0.0,0.0,Positive
161,5,5,-0.289,0.553,0.2,0.8,0.0,Negative
164,5,5,-0.0592,0.1324,0.0,0.2,0.8,Negative
176,5,5,0.1174,0.5229,0.4,0.2,0.4,Positive
179,5,6,0.0537,0.476,0.5,0.167,0.333,Positive
180,174,283,0.0822,0.4449,0.396,0.265,0.339,Positive
181,5,5,-0.038,0.4031,0.4,0.4,0.2,Neutral
184,8,10,-0.0103,0.5211,0.4,0.3,0.3,Neutral
185,69,104,0.1166,0.4995,0.442,0.308,0.25,Positive
186,5,6,0.3057,0.6243,0.667,0.167,0.167,Positive
187,5,5,0.3333,0.633,0.6,0.2,0.2,Positive
188,14,17,0.204,0.4436,0.412,0.176,0.412,Positive
189,5,5,0.0928,0.5078,0.4,0.4,0.2,Positive
190,67,97,0.0446,0.4693,0.423,0.33,0.247,Neutral
191,35,49,0.0066,0.5365,0.388,0.286,0.327,Neutral
192,5,5,0.0889,0.7165,0.4,0.4,0.2,Positive
193,24,29,0.0234,0.4801,0.379,0.345,0.276,Neutral
194,67,115,0.1534,0.4564,0.461,0.209,0.33,Positive
195,5,5,-0.1488,0.4099,0.2,0.4,0.4,Negative
196,5,5,-0.2862,0.6481,0.2,0.8,0.0,Negative
197,66,102,0.0642,0.486,0.373,0.324,0.304,Positive
199,5,6,-0.0596,0.6257,0.333,0.5,0.167,Negative
200,58,91,0.0114,0.4444,0.352,0.33,0.319,Neutral
201,5,5,0.3194,0.5398,0.8,0.2,-0.0,Positive
202,5,5,0.032,0.6326,0.4,0.4,0.2,Neutral
204,74,111,-0.0525,0.5579,0.387,0.396,0.216,Negative
205,65,85,0.0304,0.4209,0.388,0.365,0.247,Neutral
206,96,164,0.1718,0.4246,0.5,0.207,0.293,Positive
207,76,137,0.143,0.4329,0.474,0.212,0.314,Positive
209,5,5,-0.0899,0.2011,0.0,0.2,0.8,Negative
210,20,29,-0.01,0.5567,0.414,0.483,0.103,Neutral
212,57,101,0.1641,0.4648,0.495,0.267,0.238,Positive
213,9,10,0.2571,0.4079,0.6,0.1,0.3,Positive
214,5,5,-0.3437,0.2503,0.0,0.8,0.2,Negative
215,82,149,0.0594,0.4338,0.43,0.295,0.275,Positive
217,5,5,0.0549,0.3307,0.2,0.2,0.6,Positive
219,67,119,0.139,0.4369,0.504,0.252,0.244,Positive
222,8,12,0.3848,0.4144,0.667,0.167,0.167,Positive
225,29,49,0.0525,0.447,0.388,0.265,0.347,Positive
229,5,5,-0.161,0.5178,0.2,0.6,0.2,Negative
231,5,5,-0.0976,0.7133,0.4,0.6,0.0,Negative
236,11,15,0.1957,0.6143,0.6,0.4,0.0,Positive
237,20,27,0.0701,0.3867,0.37,0.222,0.407,Positive
241,5,5,0.1151,0.4439,0.4,0.4,0.2,Positive
243,5,5,0.0673,0.3785,0.4,0.4,0.2,Positive
245,5,5,0.1067,0.5625,0.6,0.2,0.2,Positive
249,99,157,0.0923,0.465,0.452,0.28,0.268,Positive
251,67,104,0.0515,0.4446,0.413,0.298,0.288,Positive
253,5,5,-0.213,0.6434,0.2,0.6,0.2,Negative
260,5,5,0.3444,0.4444,0.6,0.2,0.2,Positive
261,74,117,0.1145,0.4382,0.419,0.248,0.333,Positive
263,137,200,0.0903,0.484,0.45,0.29,0.26,Positive
264,95,140,0.0623,0.4582,0.414,0.3,0.286,Positive
266,70,154,0.1317,0.4234,0.455,0.24,0.305,Positive
267,5,5,-0.1343,0.1936,0.0,0.4,0.6,Negative
270,32,61,-0.0276,0.5713,0.426,0.459,0.115,Neutral
271,5,5,0.349,0.3077,0.8,0.0,0.2,Positive
272,51,74,-0.0454,0.4237,0.297,0.432,0.27,Neutral
273,12,14,0.2368,0.4912,0.357,0.143,0.5,Positive
274,5,5,0.0528,0.4854,0.4,0.2,0.4,Positive
276,5,5,0.3787,0.6992,0.6,0.2,0.2,Positive
277,5,5,0.1733,0.6142,0.6,0.4,0.0,Positive
278,5,5,-0.3295,0.3386,0.0,0.6,0.4,Negative
279,5,5,0.0426,0.3741,0.4,0.4,0.2,Neutral
280,93,156,0.0777,0.4543,0.372,0.282,0.346,Positive
281,81,137,0.1423,0.4595,0.482,0.248,0.27,Positive
282,5,5,-0.0696,0.4954,0.2,0.4,0.4,Negative
283,5,5,-0.2875,0.4115,0.0,0.4,0.6,Negative
284,7,8,0.3106,0.4105,0.5,0.0,0.5,Positive
285,5,5,-0.052,0.3696,0.4,0.2,0.4,Negative
286,5,5,0.0376,0.5767,0.2,0.2,0.6,Neutral
287,5,5,-0.0639,0.3787,0.2,0.2,0.6,Negative
288,5,5,0.1124,0.6074,0.6,0.4,0.0,Positive
289,5,5,-0.1013,0.3925,0.2,0.4,0.4,Negative
290,5,5,0.1491,0.4371,0.2,0.2,0.6,Positive
294,5,5,0.1883,0.629,0.6,0.2,0.2,Positive
296,5,5,0.1283,0.2137,0.4,0.0,0.6,Positive
298,5,5,0.4143,0.4383,0.8,0.2,-0.0,Positive
299,5,5,0.0246,0.5678,0.4,0.2,0.4,Neutral
300,165,515,0.357,0.3919,0.672,0.093,0.235,Positive
301,6,7,0.1505,0.2994,0.571,0.143,0.286,Positive
302,5,5,0.3293,0.2868,0.8,0.0,0.2,Positive
305,9,10,0.1549,0.3705,0.4,0.3,0.3,Positive
307,5,5,0.4477,0.3349,0.8,0.0,0.2,Positive
318,5,6,0.0726,0.5617,0.5,0.333,0.167,Positive
320,5,5,0.1291,0.5346,0.4,0.4,0.2,Positive
333,5,5,0.2719,0.3749,0.6,0.2,0.2,Positive
334,5,5,0.3307,0.7226,0.6,0.2,0.2,Positive
340,86,143,0.1824,0.4811,0.51,0.238,0.252,Positive
341,5,5,0.1197,0.3139,0.4,0.2,0.4,Positive
342,5,5,-0.2065,0.4513,0.2,0.4,0.4,Negative
343,5,5,0.4215,0.417,0.6,0.0,0.4,Positive
346,5,5,-0.1274,0.2848,0.0,0.2,0.8,Negative
347,5,5,-0.0886,0.6861,0.2,0.6,0.2,Negative
349,10,12,0.0727,0.4732,0.417,0.25,0.333,Positive
350,5,5,0.7505,0.2018,1.0,0.0,0.0,Positive
356,5,5,-0.1486,0.3323,0.0,0.2,0.8,Negative
357,5,5,0.2328,0.3865,0.4,0.0,0.6,Positive
365,5,6,0.0706,0.6334,0.5,0.333,0.167,Positive
366,5,5,0.341,0.6112,0.6,0.2,0.2,Positive
367,5,5,0.2429,0.3824,0.6,0.2,0.2,Positive
368,5,5,0.1909,0.4269,0.2,0.0,0.8,Positive
370,5,5,0.0447,0.4206,0.2,0.2,0.6,Neutral
384,5,5,-0.0299,0.5191,0.4,0.4,0.2,Neutral
386,5,5,-0.014,0.3368,0.2,0.2,0.6,Neutral
389,6,8,0.0301,0.1969,0.25,0.125,0.625,Neutral
391,5,5,0.0616,0.2194,0.2,0.2,0.6,Positive
392,5,5,0.005,0.4586,0.4,0.6,0.0,Neutral
393,13,19,0.3277,0.4072,0.737,0.105,0.158,Positive
394,5,5,0.3361,0.4245,0.6,0.2,0.2,Positive
395,5,5,-0.29,0.4178,0.2,0.6,0.2,Negative
396,5,5,0.0914,0.4577,0.4,0.2,0.4,Positive
397,5,5,0.2376,0.4481,0.4,0.2,0.4,Positive
398,5,5,-0.1218,0.5787,0.4,0.6,0.0,Negative
400,6,8,-0.1098,0.4099,0.25,0.625,0.125,Negative
402,16,26,-0.0245,0.5028,0.385,0.346,0.269,Neutral
403,5,5,0.0941,0.4778,0.4,0.2,0.4,Positive
406,5,5,0.0213,0.4147,0.4,0.4,0.2,Neutral
407,5,5,0.1953,0.6603,0.6,0.2,0.2,Positive
408,5,6,0.4313,0.4437,0.667,0.333,0.0,Positive
410,5,5,0.1011,0.7023,0.6,0.4,0.0,Positive
411,5,5,0.0164,0.4175,0.4,0.4,0.2,Neutral
414,12,20,0.0748,0.3599,0.35,0.3,0.35,Positive
419,5,5,-0.0081,0.4563,0.2,0.2,0.6,Neutral
421,7,10,-0.0892,0.518,0.3,0.6,0.1,Negative
423,5,7,0.2659,0.5072,0.571,0.286,0.143,Positive
426,5,5,0.2749,0.2334,0.8,0.0,0.2,Positive
431,5,5,0.2274,0.642,0.6,0.2,0.2,Positive
432,5,5,-0.0403,0.1852,0.2,0.4,0.4,Neutral
435,11,14,0.1801,0.3992,0.429,0.143,0.429,Positive
441,10,10,0.198,0.5327,0.4,0.3,0.3,Positive
442,5,5,-0.0452,0.5706,0.2,0.2,0.6,Neutral
444,5,5,0.4454,0.3274,0.8,0.0,0.2,Positive
445,5,5,0.0032,0.3745,0.2,0.4,0.4,Neutral
446,5,5,0.1908,0.6569,0.6,0.2,0.2,Positive
449,22,29,0.0645,0.4161,0.379,0.241,0.379,Positive
452,9,10,0.1524,0.4196,0.5,0.2,0.3,Positive
453,5,5,-0.0022,0.2607,0.4,0.4,0.2,Neutral
455,13,20,-0.023,0.4307,0.25,0.4,0.35,Neutral
458,9,14,0.3019,0.4182,0.571,0.071,0.357,Positive
460,9,13,0.0698,0.3995,0.385,0.231,0.385,Positive
461,5,5,0.3642,0.3943,0.6,0.2,0.2,Positive
462,5,5,0.2826,0.4408,0.8,0.2,-0.0,Positive
463,5,5,-0.3026,0.7023,0.2,0.8,0.0,Negative
469,15,21,0.0169,0.4419,0.524,0.333,0.143,Neutral
473,5,5,-0.0021,0.4527,0.4,0.4,0.2,Neutral
476,10,19,-0.0767,0.5461,0.474,0.474,0.053,Negative
477,5,6,0.1961,0.2212,0.5,0.0,0.5,Positive
484,5,5,0.0446,0.31,0.2,0.2,0.6,Neutral
485,5,5,-0.0587,0.5848,0.4,0.4,0.2,Negative
490,5,6,0.3195,0.3741,0.833,0.167,-0.0,Positive
499,5,7,-0.0092,0.6274,0.571,0.429,0.0,Neutral
520,5,5,-0.0369,0.5223,0.4,0.4,0.2,Neutral
522,5,5,0.1852,0.5732,0.6,0.2,0.2,Positive
523,5,5,-0.2811,0.508,0.2,0.4,0.4,Negative
524,5,5,0.426,0.4155,0.8,0.2,-0.0,Positive
526,15,19,0.2311,0.4414,0.579,0.158,0.263,Positive
528,5,5,0.0867,0.4746,0.4,0.4,0.2,Positive
529,29,42,0.0488,0.5131,0.405,0.405,0.19,Neutral
530,85,125,0.1154,0.4448,0.464,0.272,0.264,Positive
532,5,5,0.4266,0.2634,0.8,0.0,0.2,Positive
533,16,21,0.1367,0.477,0.619,0.238,0.143,Positive
534,5,6,-0.1995,0.3073,0.167,0.667,0.167,Negative
535,22,30,0.0726,0.4561,0.367,0.367,0.267,Positive
538,36,57,0.1095,0.4646,0.439,0.263,0.298,Positive
539,5,5,0.2191,0.6768,0.6,0.4,0.0,Positive
540,6,7,0.4156,0.3529,0.714,0.143,0.143,Positive
541,5,5,-0.2627,0.3681,0.2,0.6,0.2,Negative
543,5,5,-0.0764,0.1707,0.0,0.2,0.8,Negative
544,5,5,0.0549,0.3188,0.4,0.2,0.4,Positive
545,5,5,-0.15,0.2481,0.0,0.4,0.6,Negative
548,6,7,-0.1335,0.363,0.143,0.571,0.286,Negative
552,5,7,0.4385,0.3089,0.857,0.0,0.143,Positive
555,11,12,0.1498,0.2959,0.417,0.083,0.5,Positive
563,5,5,0.0804,0.1797,0.2,0.0,0.8,Positive
564,5,5,0.1553,0.3371,0.4,0.2,0.4,Positive
566,5,5,-0.04,0.6296,0.4,0.4,0.2,Neutral
571,5,7,-0.0841,0.2472,0.143,0.286,0.571,Negative
587,5,5,-0.1965,0.6199,0.2,0.6,0.2,Negative
588,5,5,-0.1931,0.2831,0.0,0.4,0.6,Negative
589,5,5,0.3016,0.4162,0.4,0.0,0.6,Positive
591,9,10,0.1116,0.5645,0.5,0.3,0.2,Positive
592,5,5,-0.1536,0.2333,0.0,0.4,0.6,Negative
593,5,5,0.0083,0.4291,0.4,0.2,0.4,Neutral
594,7,11,0.1756,0.5148,0.273,0.182,0.545,Positive
595,5,5,-0.02,0.3478,0.2,0.2,0.6,Neutral
596,5,5,-0.1403,0.3881,0.2,0.4,0.4,Negative
597,6,8,0.0678,0.3592,0.25,0.125,0.625,Positive
599,5,5,-0.0088,0.2252,0.2,0.2,0.6,Neutral
601,11,13,0.0316,0.4024,0.385,0.308,0.308,Neutral
603,5,5,0.0312,0.2599,0.2,0.2,0.6,Neutral
604,5,5,0.0707,0.5854,0.4,0.2,0.4,Positive
616,5,5,-0.1225,0.2739,0.0,0.2,0.8,Negative
627,5,5,0.0749,0.2334,0.4,0.2,0.4,Positive
628,5,5,-0.0974,0.3872,0.2,0.6,0.2,Negative
629,5,5,0.1644,0.5392,0.8,0.2,-0.0,Positive
630,5,5,-0.0818,0.3409,0.4,0.6,0.0,Negative
631,5,5,0.0118,0.1815,0.2,0.2,0.6,Neutral
633,5,5,-0.1021,0.4716,0.2,0.2,0.6,Negative
634,7,8,0.068,0.6324,0.5,0.5,0.0,Positive
636,5,5,-0.0501,0.2578,0.2,0.2,0.6,Negative
641,5,6,0.1863,0.2783,0.5,0.0,0.5,Positive
643,5,5,-0.0764,0.2578,0.2,0.4,0.4,Negative
644,5,5,0.4184,0.3333,0.8,0.0,0.2,Positive
645,5,7,0.2473,0.5517,0.429,0.286,0.286,Positive
647,8,13,-0.023,0.4524,0.385,0.538,0.077,Neutral
648,5,5,0.1963,0.5932,0.6,0.2,0.2,Positive
649,5,5,-0.0981,0.1937,0.2,0.4,0.4,Negative
653,5,12,0.2567,0.577,0.583,0.25,0.167,Positive
667,5,5,0.204,0.2986,0.4,0.0,0.6,Positive
669,76,106,0.1587,0.4458,0.519,0.274,0.208,Positive
670,47,66,-0.1734,0.5379,0.273,0.5,0.227,Negative
671,5,5,0.0918,0.3946,0.4,0.2,0.4,Positive
672,11,15,-0.0559,0.5494,0.267,0.4,0.333,Negative
679,5,5,0.1753,0.4604,0.4,0.2,0.4,Positive
680,75,133,0.0804,0.4673,0.429,0.293,0.278,Positive
687,5,5,0.3477,0.4825,0.4,0.0,0.6,Positive
690,114,185,0.1007,0.4829,0.443,0.308,0.249,Positive
691,5,5,0.1748,0.6742,0.4,0.2,0.4,Positive
694,5,5,0.06,0.1754,0.4,0.2,0.4,Positive
704,5,5,0.1637,0.6445,0.8,0.2,-0.0,Positive
705,6,6,-0.0299,0.3744,0.167,0.5,0.333,Neutral
706,11,18,0.2916,0.6178,0.667,0.278,0.056,Positive
709,5,5,0.0718,0.3732,0.4,0.2,0.4,Positive
711,5,5,0.0931,0.2107,0.4,0.2,0.4,Positive
712,5,5,-0.2456,0.3386,0.0,0.4,0.6,Negative
713,5,5,-0.2641,0.4791,0.2,0.6,0.2,Negative
715,10,17,0.6051,0.4126,0.765,0.059,0.176,Positive
719,5,6,0.2758,0.5189,0.667,0.167,0.167,Positive
720,5,5,0.1152,0.6274,0.6,0.4,0.0,Positive
724,5,5,0.4654,0.1303,1.0,0.0,0.0,Positive
725,27,37,0.2184,0.4639,0.595,0.243,0.162,Positive
726,30,45,0.2534,0.4928,0.6,0.244,0.156,Positive
728,23,31,0.218,0.47,0.548,0.194,0.258,Positive
729,5,5,-0.0433,0.5085,0.4,0.4,0.2,Neutral
733,5,5,-0.0242,0.4987,0.4,0.4,0.2,Neutral
734,5,5,-0.0165,0.4379,0.2,0.2,0.6,Neutral
735,5,5,0.1002,0.4052,0.4,0.2,0.4,Positive
736,17,23,0.2546,0.4171,0.565,0.174,0.261,Positive
740,7,8,0.0877,0.4229,0.375,0.25,0.375,Positive
746,5,5,0.2879,0.3467,0.6,0.0,0.4,Positive
757,6,8,0.3039,0.4348,0.625,0.125,0.25,Positive
758,5,5,-0.0397,0.57,0.6,0.4,0.0,Neutral
760,5,5,0.0049,0.6537,0.4,0.6,0.0,Neutral
762,105,218,0.232,0.5153,0.596,0.243,0.161,Positive
764,93,183,0.0894,0.4775,0.443,0.29,0.268,Positive
765,69,190,0.2176,0.4757,0.532,0.232,0.237,Positive
774,5,5,0.0466,0.5366,0.2,0.2,0.6,Neutral
777,5,5,0.0548,0.3885,0.2,0.2,0.6,Positive
778,5,5,0.198,0.4314,0.4,0.4,0.2,Positive
780,5,5,-0.116,0.4025,0.2,0.4,0.4,Negative
781,5,5,0.057,0.3061,0.4,0.2,0.4,Positive
785,5,5,0.2291,0.5236,0.6,0.2,0.2,Positive
786,5,5,-0.0529,0.43,0.4,0.2,0.4,Negative
788,5,5,0.2767,0.3801,0.4,0.0,0.6,Positive
790,5,5,0.5032,0.3416,0.8,0.0,0.2,Positive
791,5,5,0.3345,0.5248,0.6,0.2,0.2,Positive
792,6,8,-0.0922,0.3149,0.25,0.5,0.25,Negative
793,5,5,0.1272,0.7781,0.6,0.4,0.0,Positive
794,5,5,0.5931,0.3756,0.8,0.0,0.2,Positive
797,18,24,0.1934,0.5162,0.583,0.167,0.25,Positive
803,5,5,0.0018,0.4354,0.4,0.4,0.2,Neutral
805,5,5,-0.0482,0.1546,0.2,0.2,0.6,Neutral
811,5,5,-0.1404,0.5441,0.4,0.4,0.2,Negative
821,5,5,0.1085,0.332,0.6,0.4,0.0,Positive
822,5,5,-0.1961,0.3952,0.2,0.6,0.2,Negative
825,5,5,-0.0073,0.3244,0.2,0.2,0.6,Neutral
829,11,16,0.0136,0.4541,0.375,0.438,0.188,Neutral
845,6,8,0.0358,0.4876,0.375,0.375,0.25,Neutral
847,65,105,0.1151,0.4198,0.486,0.229,0.286,Positive
859,5,5,0.5385,0.3133,1.0,0.0,0.0,Positive
865,55,88,0.1131,0.4683,0.455,0.227,0.318,Positive
866,5,7,-0.2216,0.4645,0.143,0.571,0.286,Negative
867,50,88,0.0596,0.4295,0.375,0.273,0.352,Positive
879,10,10,-0.0311,0.2997,0.4,0.2,0.4,Neutral
881,5,5,0.246,0.2723,0.6,0.0,0.4,Positive
885,5,6,-0.2208,0.4444,0.167,0.5,0.333,Negative
888,5,5,0.015,0.6088,0.6,0.4,0.0,Neutral
897,9,13,0.3548,0.3948,0.538,0.0,0.462,Positive
898,5,5,0.1385,0.8251,0.6,0.4,0.0,Positive
909,5,5,0.2118,0.4423,0.6,0.2,0.2,Positive
915,6,9,-0.0921,0.3177,0.111,0.333,0.556,Negative
916,7,8,0.3542,0.338,0.625,0.0,0.375,Positive
924,5,5,0.264,0.4264,0.4,0.0,0.6,Positive
926,5,5,-0.0843,0.1885,0.0,0.2,0.8,Negative
948,5,5,0.0909,0.5224,0.4,0.2,0.4,Positive
955,5,6,0.2805,0.3262,0.5,0.0,0.5,Positive
965,6,7,0.4097,0.218,0.857,0.0,0.143,Positive
966,5,5,0.0279,0.4267,0.4,0.2,0.4,Neutral
967,5,5,0.1414,0.2718,0.4,0.2,0.4,Positive
970,5,5,0.0129,0.3347,0.2,0.2,0.6,Neutral
990,5,5,-0.0735,0.5485,0.4,0.4,0.2,Negative
991,8,10,-0.1051,0.4157,0.1,0.3,0.6,Negative
1002,6,8,-0.0429,0.38,0.375,0.375,0.25,Neutral
1015,5,6,-0.1056,0.4711,0.333,0.333,0.333,Negative
1025,6,9,0.1084,0.4755,0.444,0.111,0.444,Positive
1026,5,5,0.1788,0.502,0.4,0.4,0.2,Positive
1027,5,5,0.0464,0.4466,0.4,0.2,0.4,Neutral
1043,5,6,-0.1397,0.3612,0.167,0.5,0.333,Negative
1045,5,7,-0.091,0.5256,0.429,0.286,0.286,Negative
1068,5,5,0.0781,0.4384,0.4,0.2,0.4,Positive
1083,21,35,0.0313,0.4459,0.314,0.286,0.4,Neutral
1091,12,14,0.105,0.39,0.357,0.214,0.429,Positive
1095,5,5,-0.0332,0.3208,0.2,0.4,0.4,Neutral
1114,5,5,-0.0759,0.28,0.2,0.2,0.6,Negative
1124,5,6,0.1167,0.391,0.333,0.167,0.5,Positive
1135,5,5,0.1421,0.2414,0.4,0.0,0.6,Positive
1136,5,5,-0.1336,0.6198,0.4,0.6,0.0,Negative
1138,5,5,-0.0042,0.3539,0.2,0.4,0.4,Neutral
1145,5,5,0.4184,0.5896,0.6,0.2,0.2,Positive
1147,8,14,0.1514,0.5748,0.5,0.286,0.214,Positive
1160,5,6,0.0602,0.2939,0.333,0.167,0.5,Positive
1166,10,18,0.0757,0.5455,0.444,0.278,0.278,Positive
1181,7,11,0.219,0.4723,0.545,0.273,0.182,Positive
1204,8,12,0.1988,0.3994,0.667,0.167,0.167,Positive
1205,5,6,-0.3651,0.4118,0.0,0.5,0.5,Negative
1223,12,15,0.074,0.3339,0.4,0.2,0.4,Positive
1234,5,7,0.1132,0.4941,0.429,0.143,0.429,Positive
1235,5,6,0.057,0.6291,0.5,0.5,0.0,Positive
1239,6,7,0.274,0.4781,0.571,0.143,0.286,Positive
1245,9,11,0.1389,0.3973,0.455,0.182,0.364,Positive
1255,6,6,0.4028,0.4362,0.667,0.167,0.167,Positive
1257,6,7,0.1606,0.3145,0.429,0.143,0.429,Positive
1258,5,5,0.644,0.2783,1.0,0.0,0.0,Positive
1277,7,10,0.2262,0.4448,0.6,0.3,0.1,Positive
1283,5,16,0.1512,0.5158,0.562,0.25,0.188,Positive
1287,8,12,0.1312,0.4467,0.5,0.333,0.167,Positive
