community,n_users,n_posts,mean_sentiment,std_sentiment,pct_positive,pct_negative,pct_neutral,sentiment_label,polarized
0,5,6,0.1572,0.637,0.5,0.167,0.333,Positive,False
1,7,8,0.08,0.4141,0.5,0.125,0.375,Positive,False
2,164,290,0.0658,0.4592,0.4,0.29,0.31,Positive,False
3,6,6,0.0417,0.41,0.5,0.333,0.167,Neutral,False
4,6,8,0.2178,0.5758,0.5,0.375,0.125,Positive,False
5,5,6,0.0922,0.4266,0.333,0.333,0.333,Positive,False
6,10,13,-0.0339,0.4874,0.385,0.385,0.231,Neutral,False
8,7,8,0.1038,0.6559,0.5,0.375,0.125,Positive,False
9,6,6,0.2777,0.5823,0.5,0.167,0.333,Positive,True
10,18,22,0.2324,0.4311,0.455,0.136,0.409,Positive,False
11,6,6,0.0436,0.4699,0.333,0.5,0.167,Neutral,False
12,71,114,0.0616,0.4485,0.404,0.307,0.289,Positive,False
13,154,238,0.1189,0.5079,0.487,0.294,0.218,Positive,False
14,6,6,0.1505,0.6584,0.5,0.333,0.167,Positive,False
15,29,37,0.0907,0.479,0.432,0.324,0.243,Positive,False
16,85,147,0.1479,0.4685,0.469,0.224,0.306,Positive,False
17,6,6,-0.124,0.3716,0.167,0.333,0.5,Negative,False
18,6,6,-0.3087,0.5823,0.167,0.833,0.0,Negative,True
19,85,132,0.0778,0.4819,0.394,0.318,0.288,Positive,False
21,7,8,-0.1042,0.5361,0.25,0.625,0.125,Negative,False
22,70,105,-0.0133,0.4732,0.324,0.352,0.324,Neutral,False
23,5,6,0.189,0.5789,0.667,0.333,0.0,Positive,False
24,6,6,0.152,0.6376,0.5,0.333,0.167,Positive,False
26,87,134,-0.0251,0.564,0.403,0.381,0.216,Neutral,False
27,84,113,0.066,0.4291,0.416,0.336,0.248,Positive,False
28,139,236,0.1334,0.4306,0.466,0.246,0.288,Positive,False
29,100,178,0.1074,0.4224,0.455,0.27,0.275,Positive,False
31,6,6,-0.128,0.2026,0.0,0.333,0.667,Negative,False
32,28,40,-0.0087,0.5512,0.4,0.475,0.125,Neutral,False
34,75,129,0.1788,0.4839,0.473,0.287,0.24,Positive,False
35,10,12,0.2782,0.4174,0.583,0.167,0.25,Positive,True
36,6,6,-0.2864,0.2642,0.0,0.667,0.333,Negative,True
38,5,6,0.1815,0.4813,0.333,0.333,0.333,Positive,False
39,6,6,0.1575,0.3881,0.333,0.167,0.5,Positive,False
43,12,17,0.3966,0.3866,0.706,0.118,0.176,Positive,True
44,5,6,-0.2443,0.3602,0.167,0.5,0.333,Negative,False
46,157,289,0.0871,0.4347,0.429,0.277,0.294,Positive,False
47,41,72,0.0301,0.431,0.389,0.278,0.333,Neutral,False
51,5,6,-0.2568,0.5192,0.167,0.667,0.167,Negative,True
52,5,6,-0.2115,0.478,0.167,0.5,0.333,Negative,False
53,6,6,-0.0814,0.6392,0.333,0.5,0.167,Negative,False
54,5,5,0.166,0.1911,0.6,0.0,0.4,Positive,False
58,14,20,0.1465,0.5694,0.55,0.35,0.1,Positive,False
59,7,8,-0.0406,0.4393,0.25,0.375,0.375,Neutral,False
63,6,6,0.181,0.4287,0.5,0.333,0.167,Positive,False
65,5,6,-0.0034,0.3803,0.333,0.5,0.167,Neutral,False
67,6,6,0.1186,0.5039,0.667,0.167,0.167,Positive,False
71,136,227,0.0812,0.4852,0.454,0.308,0.238,Positive,False
73,83,128,0.0442,0.4659,0.469,0.32,0.211,Neutral,False
75,5,6,-0.0355,0.7212,0.333,0.5,0.167,Neutral,False
77,5,6,0.7701,0.1369,1.0,0.0,0.0,Positive,True
82,5,6,0.3587,0.399,0.667,0.167,0.167,Positive,True
83,102,166,0.0856,0.4511,0.398,0.277,0.325,Positive,False
86,5,6,0.2341,0.406,0.333,0.333,0.333,Positive,False
87,80,109,0.0744,0.454,0.431,0.321,0.248,Positive,False
88,123,253,0.1313,0.4621,0.474,0.265,0.261,Positive,False
89,6,6,-0.1119,0.1817,0.0,0.333,0.667,Negative,False
92,53,92,0.0508,0.5625,0.457,0.413,0.13,Positive,False
93,6,6,0.2908,0.3099,0.667,0.0,0.333,Positive,True
94,108,175,-0.001,0.4608,0.314,0.389,0.297,Neutral,False
95,15,17,0.2619,0.4739,0.412,0.176,0.412,Positive,True
96,6,6,-0.0091,0.4598,0.333,0.333,0.333,Neutral,False
98,166,248,0.0697,0.4917,0.448,0.323,0.23,Positive,False
99,6,6,0.3,0.6544,0.5,0.333,0.167,Positive,True
100,6,6,0.2666,0.595,0.667,0.333,0.0,Positive,True
101,6,6,-0.3696,0.3184,0.0,0.667,0.333,Negative,True
102,6,6,0.0772,0.3451,0.5,0.333,0.167,Positive,False
103,108,187,0.0988,0.4341,0.39,0.246,0.364,Positive,False
104,96,150,0.0569,0.4888,0.407,0.313,0.28,Positive,False
105,5,6,-0.1509,0.4858,0.167,0.5,0.333,Negative,False
106,6,7,-0.0695,0.5717,0.143,0.286,0.571,Negative,False
107,9,10,0.3895,0.4025,0.6,0.0,0.4,Positive,True
108,6,6,-0.0348,0.3332,0.5,0.167,0.333,Neutral,False
109,6,6,0.1015,0.5391,0.333,0.167,0.5,Positive,False
110,6,6,-0.0576,0.339,0.167,0.167,0.667,Negative,False
111,6,6,0.2352,0.621,0.667,0.333,0.0,Positive,False
112,6,6,-0.1316,0.3588,0.167,0.5,0.333,Negative,False
113,5,7,0.1184,0.6456,0.286,0.286,0.429,Positive,False
114,5,6,0.2785,0.4374,0.333,0.0,0.667,Positive,True
115,5,8,0.4827,0.5323,0.875,0.125,0.0,Positive,True
116,5,6,-0.1086,0.4023,0.167,0.5,0.333,Negative,False
117,5,6,0.1009,0.602,0.5,0.333,0.167,Positive,False
118,5,6,0.0877,0.515,0.333,0.167,0.5,Positive,False
119,6,6,0.2046,0.2673,0.5,0.0,0.5,Positive,False
120,97,200,0.091,0.5018,0.455,0.3,0.245,Positive,False
121,5,6,0.2574,0.5489,0.667,0.333,0.0,Positive,True
122,6,6,0.173,0.6247,0.5,0.167,0.333,Positive,False
123,409,833,0.3509,0.4305,0.67,0.124,0.206,Positive,True
124,8,9,0.1214,0.3123,0.556,0.222,0.222,Positive,False
125,6,6,0.2251,0.3619,0.667,0.167,0.167,Positive,False
128,11,12,0.1849,0.3426,0.5,0.25,0.25,Positive,False
129,5,7,0.361,0.3915,0.714,0.143,0.143,Positive,True
130,6,6,0.3244,0.4255,0.667,0.167,0.167,Positive,True
133,5,6,0.4535,0.379,0.667,0.0,0.333,Positive,True
137,5,6,-0.0732,0.4354,0.333,0.5,0.167,Negative,False
141,6,8,0.2,0.5315,0.625,0.25,0.125,Positive,False
143,6,6,0.0689,0.5005,0.333,0.5,0.167,Positive,False
146,5,6,0.0769,0.5603,0.5,0.5,0.0,Positive,False
155,7,28,-0.0072,0.3705,0.214,0.321,0.464,Neutral,False
156,6,7,0.2544,0.3307,0.571,0.143,0.286,Positive,True
157,5,7,0.4097,0.6066,0.714,0.143,0.143,Positive,True
163,6,6,-0.0486,0.3337,0.167,0.333,0.5,Neutral,False
164,6,6,0.0171,0.4112,0.5,0.5,0.0,Neutral,False
165,17,27,0.2588,0.467,0.63,0.185,0.185,Positive,True
166,6,6,0.2198,0.4745,0.5,0.333,0.167,Positive,False
167,6,6,-0.1961,0.4388,0.333,0.5,0.167,Negative,False
168,6,6,0.1782,0.4613,0.5,0.167,0.333,Positive,False
169,6,6,0.308,0.4363,0.5,0.167,0.333,Positive,True
170,6,6,-0.0719,0.5319,0.5,0.5,0.0,Negative,False
171,5,6,0.2442,0.3318,0.5,0.167,0.333,Positive,False
172,8,11,-0.1745,0.4418,0.273,0.636,0.091,Negative,False
173,5,6,0.031,0.7122,0.333,0.5,0.167,Neutral,False
174,20,32,0.0001,0.4606,0.406,0.312,0.281,Neutral,False
175,5,6,0.1081,0.4288,0.5,0.167,0.333,Positive,False
176,5,6,-0.122,0.3954,0.167,0.5,0.333,Negative,False
178,6,6,-0.0776,0.443,0.333,0.5,0.167,Negative,False
179,6,6,0.2838,0.6291,0.667,0.167,0.167,Positive,True
180,7,8,0.3048,0.5466,0.625,0.375,0.0,Positive,True
181,5,5,-0.1625,0.5295,0.2,0.6,0.2,Negative,False
182,5,6,0.1923,0.6667,0.667,0.333,0.0,Positive,False
183,6,6,-0.0793,0.4408,0.333,0.5,0.167,Negative,False
186,15,24,0.0954,0.4166,0.375,0.292,0.333,Positive,False
191,6,6,-0.0067,0.4081,0.167,0.167,0.667,Neutral,False
193,10,13,0.044,0.5363,0.462,0.462,0.077,Neutral,False
195,8,10,0.2806,0.4495,0.6,0.2,0.2,Positive,True
196,5,6,-0.1867,0.4185,0.167,0.5,0.333,Negative,False
197,7,9,0.0488,0.389,0.333,0.444,0.222,Neutral,False
198,6,6,0.378,0.3276,0.833,0.0,0.167,Positive,True
202,6,6,0.0672,0.6955,0.5,0.333,0.167,Positive,False
203,5,6,0.0871,0.3534,0.333,0.333,0.333,Positive,False
206,14,17,0.1042,0.3991,0.353,0.294,0.353,Positive,False
212,6,6,-0.1229,0.5125,0.333,0.5,0.167,Negative,False
214,6,6,0.2861,0.5691,0.667,0.167,0.167,Positive,True
215,6,6,-0.2342,0.4687,0.167,0.333,0.5,Negative,False
216,6,6,0.2399,0.5882,0.667,0.333,0.0,Positive,False
217,5,6,0.0385,0.0601,0.333,0.0,0.667,Neutral,False
218,20,24,0.1909,0.4656,0.542,0.208,0.25,Positive,False
219,5,6,0.1412,0.5084,0.5,0.333,0.167,Positive,False
220,6,6,0.0053,0.469,0.333,0.5,0.167,Neutral,False
221,36,52,0.0807,0.5068,0.423,0.365,0.212,Positive,False
223,6,6,0.4806,0.2702,0.833,0.0,0.167,Positive,True
224,18,30,0.1318,0.4668,0.533,0.3,0.167,Positive,False
225,97,161,0.0778,0.4513,0.422,0.311,0.267,Positive,False
226,6,6,-0.225,0.2935,0.167,0.833,0.0,Negative,False
227,9,11,-0.0578,0.32,0.091,0.364,0.545,Negative,False
228,5,5,-0.2292,0.4928,0.2,0.4,0.4,Negative,False
229,5,5,0.1162,0.3793,0.6,0.2,0.2,Positive,False
230,67,105,0.0919,0.4586,0.438,0.257,0.305,Positive,False
231,6,7,0.0232,0.6534,0.429,0.571,0.0,Neutral,False
232,8,9,0.3884,0.3432,0.667,0.111,0.222,Positive,True
233,6,6,-0.1942,0.3696,0.333,0.5,0.167,Negative,False
234,5,6,0.1162,0.5164,0.333,0.333,0.333,Positive,False
235,6,6,-0.0679,0.1541,0.0,0.167,0.833,Negative,False
236,6,6,-0.0495,0.3831,0.333,0.333,0.333,Neutral,False
237,6,6,-0.1666,0.2257,0.0,0.5,0.5,Negative,False
240,8,10,-0.2036,0.3645,0.1,0.6,0.3,Negative,False
244,7,9,0.4519,0.3416,0.889,0.0,0.111,Positive,True
247,13,18,0.1209,0.3756,0.389,0.167,0.444,Positive,False
250,5,6,-0.4228,0.4301,0.167,0.833,0.0,Negative,True
251,5,5,-0.1853,0.4649,0.2,0.4,0.4,Negative,False
255,6,7,0.0245,0.3653,0.286,0.143,0.571,Neutral,False
256,6,6,0.0334,0.4244,0.333,0.333,0.333,Neutral,False
258,6,6,-0.0333,0.5633,0.333,0.333,0.333,Neutral,False
263,7,10,-0.0237,0.2449,0.2,0.2,0.6,Neutral,False
278,5,6,0.0831,0.4867,0.5,0.333,0.167,Positive,False
279,6,6,-0.2432,0.5661,0.167,0.667,0.167,Negative,False
280,6,6,-0.2312,0.2698,0.0,0.5,0.5,Negative,False
281,6,6,0.3115,0.373,0.5,0.0,0.5,Positive,True
283,11,12,0.0381,0.5568,0.417,0.333,0.25,Neutral,False
284,6,6,-0.2157,0.2583,0.0,0.5,0.5,Negative,False
285,6,6,0.0069,0.3838,0.333,0.167,0.5,Neutral,False
286,12,18,0.2618,0.4571,0.444,0.111,0.444,Positive,True
287,5,6,-0.0166,0.3112,0.167,0.167,0.667,Neutral,False
288,6,6,-0.1186,0.3512,0.167,0.333,0.5,Negative,False
289,9,11,-0.0726,0.3873,0.182,0.364,0.455,Negative,False
290,5,6,0.3184,0.3584,0.833,0.167,-0.0,Positive,True
291,5,6,-0.0073,0.2014,0.167,0.167,0.667,Neutral,False
293,14,16,0.0248,0.4644,0.375,0.312,0.312,Neutral,False
295,6,6,0.0994,0.2862,0.333,0.167,0.5,Positive,False
296,6,6,0.0589,0.5244,0.333,0.167,0.5,Positive,False
305,7,9,0.2281,0.2978,0.556,0.0,0.444,Positive,False
308,6,6,-0.1021,0.25,0.0,0.167,0.833,Negative,False
311,5,6,0.249,0.3603,0.5,0.0,0.5,Positive,False
318,5,6,-0.3615,0.5801,0.167,0.833,0.0,Negative,True
319,6,6,0.0624,0.211,0.333,0.167,0.5,Positive,False
320,128,215,0.0717,0.459,0.437,0.316,0.247,Positive,False
321,6,6,-0.0318,0.3817,0.333,0.5,0.167,Neutral,False
322,5,6,0.0667,0.5383,0.667,0.333,0.0,Positive,False
323,5,7,-0.0189,0.3814,0.429,0.571,0.0,Neutral,False
324,6,6,0.0098,0.1624,0.167,0.167,0.667,Neutral,False
326,6,6,-0.1754,0.4585,0.167,0.333,0.5,Negative,False
327,9,10,0.159,0.5911,0.6,0.4,0.0,Positive,False
328,5,6,-0.2602,0.4592,0.167,0.667,0.167,Negative,True
329,6,6,-0.1471,0.3311,0.167,0.333,0.5,Negative,False
330,5,5,0.1298,0.5514,0.4,0.2,0.4,Positive,False
334,7,8,-0.0118,0.461,0.375,0.25,0.375,Neutral,False
335,5,7,0.1291,0.389,0.429,0.143,0.429,Positive,False
336,6,6,0.3824,0.3109,0.833,0.0,0.167,Positive,True
337,6,9,0.181,0.4963,0.333,0.333,0.333,Positive,False
339,12,17,0.0138,0.5236,0.412,0.529,0.059,Neutral,False
340,6,6,0.3028,0.5913,0.667,0.167,0.167,Positive,True
341,5,6,-0.1311,0.1911,0.167,0.5,0.333,Negative,False
344,5,5,0.0834,0.4915,0.4,0.4,0.2,Positive,False
345,9,17,0.2067,0.5078,0.529,0.235,0.235,Positive,False
349,5,6,0.0073,0.5882,0.333,0.5,0.167,Neutral,False
359,6,6,0.254,0.2938,0.5,0.0,0.5,Positive,True
360,5,6,-0.2719,0.4879,0.167,0.5,0.333,Negative,True
361,94,129,0.1628,0.462,0.527,0.295,0.178,Positive,False
362,63,85,-0.1428,0.5262,0.294,0.471,0.235,Negative,False
363,6,6,0.1762,0.4091,0.5,0.167,0.333,Positive,False
364,14,18,-0.006,0.5484,0.333,0.389,0.278,Neutral,False
366,5,5,0.0919,0.2258,0.2,0.0,0.8,Positive,False
368,5,6,0.3379,0.6799,0.667,0.167,0.167,Positive,True
370,5,7,-0.0573,0.6178,0.429,0.571,0.0,Negative,False
371,6,6,0.3041,0.5187,0.5,0.167,0.333,Positive,True
372,110,190,0.0936,0.4868,0.426,0.305,0.268,Positive,False
379,6,6,0.2642,0.4776,0.333,0.167,0.5,Positive,True
382,136,223,0.0506,0.5008,0.413,0.354,0.233,Positive,False
383,82,165,0.17,0.4499,0.497,0.224,0.279,Positive,False
384,6,6,0.2093,0.6089,0.5,0.167,0.333,Positive,False
387,6,6,0.1102,0.1993,0.5,0.167,0.333,Positive,False
397,6,6,0.2032,0.5845,0.833,0.167,-0.0,Positive,False
398,7,8,-0.0359,0.5274,0.25,0.5,0.25,Neutral,False
399,17,25,0.2821,0.553,0.6,0.2,0.2,Positive,True
400,5,6,0.2686,0.4711,0.833,0.167,-0.0,Positive,True
402,6,6,0.0599,0.3351,0.333,0.167,0.5,Positive,False
403,5,5,0.2769,0.4406,0.4,0.2,0.4,Positive,True
404,6,6,0.1571,0.245,0.5,0.167,0.333,Positive,False
405,6,6,-0.0961,0.4752,0.167,0.333,0.5,Negative,False
406,6,6,-0.2201,0.4419,0.167,0.5,0.333,Negative,False
407,5,6,0.1237,0.4149,0.5,0.167,0.333,Positive,False
408,16,24,0.6175,0.3871,0.792,0.042,0.167,Positive,True
410,5,6,0.0432,0.4192,0.167,0.167,0.667,Neutral,False
411,5,5,0.3584,0.5304,0.6,0.4,0.0,Positive,True
412,7,8,0.4006,0.5012,0.75,0.125,0.125,Positive,True
413,6,6,0.1781,0.5819,0.667,0.333,0.0,Positive,False
417,6,6,0.5471,0.2316,1.0,0.0,0.0,Positive,True
418,32,48,0.2121,0.4777,0.583,0.25,0.167,Positive,False
419,40,60,0.2527,0.4861,0.617,0.233,0.15,Positive,True
421,28,40,0.2459,0.4627,0.55,0.175,0.275,Positive,False
422,6,6,0.0655,0.5271,0.5,0.333,0.167,Positive,False
423,5,6,0.1676,0.3165,0.5,0.167,0.333,Positive,False
426,6,6,0.0175,0.4577,0.5,0.333,0.167,Neutral,False
427,6,6,-0.0223,0.392,0.167,0.333,0.5,Neutral,False
428,6,6,0.1152,0.3642,0.5,0.167,0.333,Positive,False
429,22,29,0.2601,0.4028,0.586,0.172,0.241,Positive,True
431,5,6,0.4349,0.512,0.5,0.167,0.333,Positive,True
433,9,11,0.1619,0.4056,0.455,0.182,0.364,Positive,False
434,5,5,0.3698,0.5922,0.6,0.2,0.2,Positive,True
439,6,6,0.1446,0.4684,0.5,0.167,0.333,Positive,False
449,5,6,-0.0555,0.5263,0.333,0.5,0.167,Negative,False
450,8,12,0.2004,0.3791,0.417,0.083,0.5,Positive,False
451,6,6,0.0493,0.5544,0.667,0.333,0.0,Neutral,False
452,5,6,0.7574,0.2406,1.0,0.0,0.0,Positive,True
453,6,6,0.0677,0.6046,0.5,0.5,0.0,Positive,False
455,142,305,0.2596,0.5155,0.613,0.23,0.157,Positive,True
456,7,11,-0.0174,0.4439,0.364,0.273,0.364,Neutral,False
457,5,9,0.2379,0.6196,0.667,0.333,0.0,Positive,False
458,115,279,0.2113,0.4886,0.545,0.247,0.208,Positive,False
459,5,6,-0.3474,0.3762,0.0,0.833,0.167,Negative,True
461,5,8,0.1856,0.5101,0.625,0.25,0.125,Positive,False
467,5,9,-0.0413,0.5162,0.222,0.444,0.333,Neutral,False
470,5,6,0.0457,0.3482,0.167,0.167,0.667,Neutral,False
471,6,6,0.1543,0.4005,0.333,0.5,0.167,Positive,False
473,19,26,0.0376,0.4878,0.423,0.385,0.192,Neutral,False
474,28,49,0.2005,0.3471,0.469,0.082,0.449,Positive,False
475,6,7,-0.0625,0.4722,0.286,0.429,0.286,Negative,False
476,5,6,0.0475,0.2747,0.333,0.167,0.5,Neutral,False
477,5,6,-0.2245,0.6158,0.167,0.833,0.0,Negative,False
479,6,6,0.2164,0.4694,0.667,0.167,0.167,Positive,False
480,6,6,-0.1077,0.4074,0.333,0.333,0.333,Negative,False
482,5,7,0.279,0.3329,0.571,0.0,0.429,Positive,True
484,6,7,0.521,0.2898,0.857,0.0,0.143,Positive,True
486,6,6,0.2049,0.5665,0.5,0.333,0.167,Positive,False
487,9,11,-0.1092,0.4145,0.273,0.545,0.182,Negative,False
488,6,6,0.266,0.7745,0.667,0.333,0.0,Positive,True
489,6,6,0.4942,0.4141,0.667,0.0,0.333,Positive,True
492,22,33,0.17,0.5171,0.576,0.212,0.212,Positive,False
494,5,6,0.3228,0.5161,0.667,0.333,0.0,Positive,True
498,6,6,-0.1057,0.47,0.333,0.5,0.167,Negative,False
500,6,6,0.1016,0.3922,0.333,0.167,0.5,Positive,False
506,6,6,-0.2114,0.5168,0.333,0.5,0.167,Negative,False
514,5,6,-0.2452,0.52,0.167,0.333,0.5,Negative,False
515,6,6,0.2275,0.4161,0.667,0.333,0.0,Positive,False
516,6,8,-0.0367,0.4219,0.375,0.5,0.125,Neutral,False
519,6,6,-0.006,0.2902,0.167,0.167,0.667,Neutral,False
522,5,6,0.0602,0.1475,0.167,0.0,0.833,Positive,False
523,15,26,0.1582,0.4761,0.5,0.308,0.192,Positive,False
527,5,6,0.296,0.5376,0.667,0.167,0.167,Positive,True
539,9,12,-0.1679,0.5358,0.25,0.5,0.25,Negative,False
541,90,153,0.1154,0.434,0.477,0.255,0.268,Positive,False
553,6,6,0.5158,0.2857,1.0,0.0,0.0,Positive,True
559,8,11,-0.2275,0.542,0.182,0.545,0.273,Negative,False
560,71,126,0.0595,0.4502,0.389,0.294,0.317,Positive,False
561,5,5,-0.484,0.1966,0.0,1.0,0.0,Negative,True
562,5,5,0.4335,0.337,0.8,0.0,0.2,Positive,True
563,5,9,-0.0506,0.2496,0.333,0.333,0.333,Negative,False
567,5,7,0.1936,0.4119,0.571,0.286,0.143,Positive,False
572,11,14,0.0584,0.3291,0.429,0.143,0.429,Positive,False
573,5,6,0.4103,0.3653,0.833,0.167,-0.0,Positive,True
574,6,6,0.205,0.2635,0.5,0.0,0.5,Positive,False
578,7,9,-0.2271,0.3835,0.111,0.556,0.333,Negative,False
581,6,6,0.1146,0.5967,0.667,0.333,0.0,Positive,False
583,5,8,0.2978,0.4749,0.625,0.25,0.125,Positive,True
590,12,18,0.3171,0.473,0.5,0.111,0.389,Positive,True
591,6,7,0.3059,0.7371,0.714,0.286,0.0,Positive,True
594,5,7,0.256,0.7758,0.571,0.286,0.143,Positive,True
603,6,6,0.2694,0.42,0.667,0.167,0.167,Positive,True
608,5,6,0.132,0.5275,0.5,0.333,0.167,Positive,False
609,7,13,-0.068,0.3802,0.231,0.308,0.462,Negative,False
610,9,11,0.3773,0.286,0.727,0.0,0.273,Positive,True
618,6,6,0.2802,0.3835,0.5,0.0,0.5,Positive,True
620,6,6,-0.0702,0.1721,0.0,0.167,0.833,Negative,False
624,5,6,0.0389,0.5616,0.333,0.5,0.167,Neutral,False
642,6,6,0.136,0.4801,0.5,0.167,0.333,Positive,False
649,6,8,0.1792,0.4949,0.5,0.125,0.375,Positive,False
659,7,9,0.2697,0.3534,0.667,0.111,0.222,Positive,True
660,6,6,0.0967,0.4172,0.5,0.167,0.333,Positive,False
661,6,7,0.1621,0.2496,0.429,0.143,0.429,Positive,False
663,5,8,0.0966,0.3169,0.125,0.125,0.75,Positive,False
664,5,6,0.0108,0.2994,0.167,0.167,0.667,Neutral,False
684,6,6,-0.1819,0.5579,0.333,0.5,0.167,Negative,False
685,9,12,-0.1106,0.4393,0.167,0.333,0.5,Negative,False
690,5,6,0.3191,0.3316,0.667,0.167,0.167,Positive,True
695,7,12,-0.0891,0.4187,0.333,0.417,0.25,Negative,False
707,6,7,0.1201,0.4422,0.429,0.286,0.286,Positive,False
708,6,9,0.0831,0.4792,0.667,0.333,0.0,Positive,False
710,10,12,-0.1507,0.2564,0.083,0.417,0.5,Negative,False
729,5,6,0.3247,0.3447,0.667,0.167,0.167,Positive,True
730,8,12,0.0758,0.4995,0.417,0.167,0.417,Positive,False
731,6,8,0.0998,0.5452,0.375,0.375,0.25,Positive,False
732,6,8,0.0984,0.3853,0.375,0.125,0.5,Positive,False
741,5,8,0.0671,0.462,0.375,0.375,0.25,Positive,False
744,5,6,-0.0023,0.3969,0.333,0.333,0.333,Neutral,False
748,7,10,-0.151,0.3942,0.3,0.5,0.2,Negative,False
750,7,13,0.0445,0.4697,0.538,0.231,0.231,Neutral,False
765,6,10,-0.1405,0.2977,0.2,0.6,0.2,Negative,False
773,6,7,0.1965,0.4156,0.571,0.143,0.286,Positive,False
788,29,50,-0.0236,0.4772,0.3,0.34,0.36,Neutral,False
796,15,18,0.1192,0.3536,0.444,0.222,0.333,Positive,False
797,5,5,0.307,0.6077,0.6,0.2,0.2,Positive,True
798,5,7,-0.3928,0.197,0.0,0.857,0.143,Negative,True
800,6,6,0.0574,0.3628,0.333,0.333,0.333,Positive,False
817,6,9,0.0688,0.3853,0.222,0.111,0.667,Positive,False
819,6,6,-0.0139,0.2928,0.333,0.167,0.5,Neutral,False
829,7,8,0.2396,0.4037,0.5,0.125,0.375,Positive,False
836,8,13,0.3046,0.4917,0.538,0.077,0.385,Positive,True
840,6,9,0.0709,0.4327,0.444,0.111,0.444,Positive,False
841,6,8,0.0549,0.5648,0.5,0.375,0.125,Positive,False
843,6,6,-0.1472,0.4721,0.167,0.5,0.333,Negative,False
848,5,6,0.4282,0.4548,0.667,0.0,0.333,Positive,True
850,6,8,0.1852,0.6049,0.5,0.25,0.25,Positive,False
852,11,17,0.0713,0.5991,0.471,0.353,0.176,Positive,False
853,6,8,-0.0285,0.4186,0.25,0.375,0.375,Neutral,False
865,5,8,-0.1099,0.4011,0.25,0.375,0.375,Negative,False
871,13,24,0.1359,0.5219,0.458,0.208,0.333,Positive,False
886,9,18,0.1593,0.4698,0.556,0.333,0.111,Positive,False
887,5,5,-0.0164,0.5409,0.2,0.6,0.2,Neutral,False
905,36,56,0.0853,0.4678,0.357,0.339,0.304,Positive,False
907,5,7,0.0358,0.4279,0.286,0.429,0.286,Neutral,False
910,46,103,0.0575,0.5118,0.447,0.369,0.184,Positive,False
913,10,15,0.1351,0.4202,0.6,0.2,0.2,Positive,False
914,6,8,-0.2996,0.3727,0.0,0.5,0.5,Negative,True
932,13,18,0.1769,0.3941,0.5,0.167,0.333,Positive,False
944,7,11,-0.0081,0.474,0.364,0.364,0.273,Neutral,False
945,6,8,0.1402,0.5793,0.625,0.375,0.0,Positive,False
948,6,7,-0.1027,0.4439,0.286,0.571,0.143,Negative,False
954,8,11,0.3013,0.5035,0.636,0.182,0.182,Positive,True
955,7,12,-0.067,0.4476,0.417,0.5,0.083,Negative,False
961,8,10,0.1521,0.4933,0.5,0.2,0.3,Positive,False
962,7,14,0.2269,0.486,0.714,0.143,0.143,Positive,False
967,6,10,0.0008,0.3083,0.2,0.2,0.6,Neutral,False
970,5,8,0.3541,0.2856,0.75,0.0,0.25,Positive,True
973,11,15,-0.0127,0.6073,0.4,0.333,0.267,Neutral,False
984,7,10,0.3215,0.5472,0.7,0.2,0.1,Positive,True
985,5,6,0.6582,0.2203,1.0,0.0,0.0,Positive,True
986,6,12,-0.0199,0.3948,0.333,0.333,0.333,Neutral,False
987,5,6,0.6446,0.2489,1.0,0.0,0.0,Positive,True
990,14,20,-0.0687,0.4659,0.3,0.35,0.35,Negative,False
993,6,8,0.2469,0.3939,0.5,0.125,0.375,Positive,False
996,5,9,0.2597,0.2642,0.667,0.0,0.333,Positive,True
1003,5,8,0.1749,0.7956,0.625,0.375,0.0,Positive,False
1008,11,18,0.1815,0.4088,0.5,0.278,0.222,Positive,False
1014,7,23,0.0681,0.5009,0.478,0.348,0.174,Positive,False
1018,12,21,0.0622,0.4382,0.476,0.429,0.095,Positive,False
